{
    "total_runtime": 350.7152338027954,
    "num_documents": 1,
    "input_load_time": 0,
    "workflows": {
        "create_base_text_units": {
            "overall": 0.04296422004699707
        },
        "create_final_documents": {
            "overall": 0.015837907791137695
        },
        "extract_graph": {
            "overall": 303.29273200035095
        },
        "finalize_graph": {
            "overall": 0.03879499435424805
        },
        "create_communities": {
            "overall": 0.04192304611206055
        },
        "create_final_text_units": {
            "overall": 0.03885793685913086
        },
        "create_community_reports": {
            "overall": 43.14257478713989
        },
        "generate_text_embeddings": {
            "overall": 4.048222303390503
        }
    }
}